<?xml version="1.0"?>
<link_info>
   <banner>MSP430 Linker PC v16.9.3.LTS</banner>
   <copyright>Copyright (c) 2003-2017 Texas Instruments Incorporated</copyright>
   <link_time>0x598090c2</link_time>
   <link_errors>0x0</link_errors>
   <output_file>AD9833_MSP430.out</output_file>
   <entry_point>
      <name>_c_int00_noinit_noargs_noexit</name>
      <address>0xf87a</address>
   </entry_point>
   <input_file_list>
      <input_file id="fl-2">
         <path>.\</path>
         <kind>object</kind>
         <file>AD9833_MSP430_main.obj</file>
         <name>AD9833_MSP430_main.obj</name>
      </input_file>
      <input_file id="fl-3">
         <path>.\</path>
         <kind>object</kind>
         <file>AD9833_primitives.obj</file>
         <name>AD9833_primitives.obj</name>
      </input_file>
      <input_file id="fl-8">
         <kind>object</kind>
         <file>&lt;internal&gt;</file>
         <name>&lt;internal&gt;</name>
      </input_file>
      <input_file id="fl-1e">
         <path>C:\ti\ccsv7\tools\compiler\ti-cgt-msp430_16.9.3.LTS\lib\</path>
         <kind>archive</kind>
         <file>rts430_eabi.lib</file>
         <name>boot.obj</name>
      </input_file>
      <input_file id="fl-1f">
         <path>C:\ti\ccsv7\tools\compiler\ti-cgt-msp430_16.9.3.LTS\lib\</path>
         <kind>archive</kind>
         <file>rts430_eabi.lib</file>
         <name>boot_special.obj</name>
      </input_file>
      <input_file id="fl-20">
         <path>C:\ti\ccsv7\tools\compiler\ti-cgt-msp430_16.9.3.LTS\lib\</path>
         <kind>archive</kind>
         <file>rts430_eabi.lib</file>
         <name>copy_decompress_lzss.obj</name>
      </input_file>
      <input_file id="fl-21">
         <path>C:\ti\ccsv7\tools\compiler\ti-cgt-msp430_16.9.3.LTS\lib\</path>
         <kind>archive</kind>
         <file>rts430_eabi.lib</file>
         <name>copy_decompress_none.obj</name>
      </input_file>
      <input_file id="fl-22">
         <path>C:\ti\ccsv7\tools\compiler\ti-cgt-msp430_16.9.3.LTS\lib\</path>
         <kind>archive</kind>
         <file>rts430_eabi.lib</file>
         <name>copy_zero_init.obj</name>
      </input_file>
      <input_file id="fl-23">
         <path>C:\ti\ccsv7\tools\compiler\ti-cgt-msp430_16.9.3.LTS\lib\</path>
         <kind>archive</kind>
         <file>rts430_eabi.lib</file>
         <name>epilog.obj</name>
      </input_file>
      <input_file id="fl-24">
         <path>C:\ti\ccsv7\tools\compiler\ti-cgt-msp430_16.9.3.LTS\lib\</path>
         <kind>archive</kind>
         <file>rts430_eabi.lib</file>
         <name>exit.obj</name>
      </input_file>
      <input_file id="fl-25">
         <path>C:\ti\ccsv7\tools\compiler\ti-cgt-msp430_16.9.3.LTS\lib\</path>
         <kind>archive</kind>
         <file>rts430_eabi.lib</file>
         <name>exit_gvars.obj</name>
      </input_file>
      <input_file id="fl-26">
         <path>C:\ti\ccsv7\tools\compiler\ti-cgt-msp430_16.9.3.LTS\lib\</path>
         <kind>archive</kind>
         <file>rts430_eabi.lib</file>
         <name>int02.obj</name>
      </input_file>
      <input_file id="fl-27">
         <path>C:\ti\ccsv7\tools\compiler\ti-cgt-msp430_16.9.3.LTS\lib\</path>
         <kind>archive</kind>
         <file>rts430_eabi.lib</file>
         <name>int03.obj</name>
      </input_file>
      <input_file id="fl-28">
         <path>C:\ti\ccsv7\tools\compiler\ti-cgt-msp430_16.9.3.LTS\lib\</path>
         <kind>archive</kind>
         <file>rts430_eabi.lib</file>
         <name>int08.obj</name>
      </input_file>
      <input_file id="fl-29">
         <path>C:\ti\ccsv7\tools\compiler\ti-cgt-msp430_16.9.3.LTS\lib\</path>
         <kind>archive</kind>
         <file>rts430_eabi.lib</file>
         <name>int09.obj</name>
      </input_file>
      <input_file id="fl-2a">
         <path>C:\ti\ccsv7\tools\compiler\ti-cgt-msp430_16.9.3.LTS\lib\</path>
         <kind>archive</kind>
         <file>rts430_eabi.lib</file>
         <name>int10.obj</name>
      </input_file>
      <input_file id="fl-2b">
         <path>C:\ti\ccsv7\tools\compiler\ti-cgt-msp430_16.9.3.LTS\lib\</path>
         <kind>archive</kind>
         <file>rts430_eabi.lib</file>
         <name>int11.obj</name>
      </input_file>
      <input_file id="fl-2c">
         <path>C:\ti\ccsv7\tools\compiler\ti-cgt-msp430_16.9.3.LTS\lib\</path>
         <kind>archive</kind>
         <file>rts430_eabi.lib</file>
         <name>int14.obj</name>
      </input_file>
      <input_file id="fl-2d">
         <path>C:\ti\ccsv7\tools\compiler\ti-cgt-msp430_16.9.3.LTS\lib\</path>
         <kind>archive</kind>
         <file>rts430_eabi.lib</file>
         <name>isr_trap.obj</name>
      </input_file>
      <input_file id="fl-2e">
         <path>C:\ti\ccsv7\tools\compiler\ti-cgt-msp430_16.9.3.LTS\lib\</path>
         <kind>archive</kind>
         <file>rts430_eabi.lib</file>
         <name>lsl16.obj</name>
      </input_file>
      <input_file id="fl-2f">
         <path>C:\ti\ccsv7\tools\compiler\ti-cgt-msp430_16.9.3.LTS\lib\</path>
         <kind>archive</kind>
         <file>rts430_eabi.lib</file>
         <name>lsr16.obj</name>
      </input_file>
      <input_file id="fl-30">
         <path>C:\ti\ccsv7\tools\compiler\ti-cgt-msp430_16.9.3.LTS\lib\</path>
         <kind>archive</kind>
         <file>rts430_eabi.lib</file>
         <name>memcpy.obj</name>
      </input_file>
      <input_file id="fl-31">
         <path>C:\ti\ccsv7\tools\compiler\ti-cgt-msp430_16.9.3.LTS\lib\</path>
         <kind>archive</kind>
         <file>rts430_eabi.lib</file>
         <name>mpu_init.obj</name>
      </input_file>
      <input_file id="fl-32">
         <path>C:\ti\ccsv7\tools\compiler\ti-cgt-msp430_16.9.3.LTS\lib\</path>
         <kind>archive</kind>
         <file>rts430_eabi.lib</file>
         <name>pre_init.obj</name>
      </input_file>
      <input_file id="fl-33">
         <path>C:\ti\ccsv7\tools\compiler\ti-cgt-msp430_16.9.3.LTS\lib\</path>
         <kind>archive</kind>
         <file>rts430_eabi.lib</file>
         <name>_lock.obj</name>
      </input_file>
      <input_file id="fl-34">
         <path>C:\ti\ccsv7\tools\compiler\ti-cgt-msp430_16.9.3.LTS\lib\</path>
         <kind>archive</kind>
         <file>rts430_eabi.lib</file>
         <name>args_main.obj</name>
      </input_file>
      <input_file id="fl-35">
         <path>C:\ti\ccsv7\tools\compiler\ti-cgt-msp430_16.9.3.LTS\lib\</path>
         <kind>archive</kind>
         <file>rts430_eabi.lib</file>
         <name>autoinit.obj</name>
      </input_file>
      <input_file id="fl-36">
         <path>C:\ti\ccsv7\tools\compiler\ti-cgt-msp430_16.9.3.LTS\lib\</path>
         <kind>archive</kind>
         <file>rts430_eabi.lib</file>
         <name>cpy_tbl.obj</name>
      </input_file>
      <input_file id="fl-37">
         <path>C:\ti\ccsv7\tools\compiler\ti-cgt-msp430_16.9.3.LTS\lib\</path>
         <kind>archive</kind>
         <file>rts430_eabi.lib</file>
         <name>mult16.obj</name>
      </input_file>
      <input_file id="fl-38">
         <path>C:\ti\ccsv7\tools\compiler\ti-cgt-msp430_16.9.3.LTS\lib\</path>
         <kind>archive</kind>
         <file>rts430_eabi.lib</file>
         <name>startup.obj</name>
      </input_file>
   </input_file_list>
   <object_component_list>
      <object_component id="oc-a8">
         <name>.stack</name>
         <uninitialized>true</uninitialized>
         <run_address>0x24c</run_address>
         <size>0x2</size>
         <input_file_ref idref="fl-1e"/>
      </object_component>
      <object_component id="oc-1e7">
         <name>.stack</name>
         <uninitialized>true</uninitialized>
         <run_address>0x24c</run_address>
         <size>0x0</size>
      </object_component>
      <object_component id="oc-ff">
         <name>.text:main</name>
         <load_address>0xf800</load_address>
         <run_address>0xf800</run_address>
         <size>0x3c</size>
         <input_file_ref idref="fl-2"/>
      </object_component>
      <object_component id="oc-15e">
         <name>.text:AD9833_writeDevice</name>
         <load_address>0xf83c</load_address>
         <run_address>0xf83c</run_address>
         <size>0x24</size>
         <input_file_ref idref="fl-3"/>
      </object_component>
      <object_component id="oc-152">
         <name>.text:AD9833_if_init</name>
         <load_address>0xf860</load_address>
         <run_address>0xf860</run_address>
         <size>0x1a</size>
         <input_file_ref idref="fl-3"/>
      </object_component>
      <object_component id="oc-76">
         <name>.text:_c_int00_noinit_noargs_noexit</name>
         <load_address>0xf87a</load_address>
         <run_address>0xf87a</run_address>
         <size>0x12</size>
         <input_file_ref idref="fl-1f"/>
      </object_component>
      <object_component id="oc-d3">
         <name>.text:_isr:__TI_ISR_TRAP</name>
         <load_address>0xf88c</load_address>
         <run_address>0xf88c</run_address>
         <size>0x8</size>
         <input_file_ref idref="fl-2d"/>
      </object_component>
      <object_component id="oc-164">
         <name>.text:AD9833_Deselect</name>
         <load_address>0xf894</load_address>
         <run_address>0xf894</run_address>
         <size>0x6</size>
         <input_file_ref idref="fl-3"/>
      </object_component>
      <object_component id="oc-158">
         <name>.text:AD9833_Select</name>
         <load_address>0xf89a</load_address>
         <run_address>0xf89a</run_address>
         <size>0x6</size>
         <input_file_ref idref="fl-3"/>
      </object_component>
      <object_component id="oc-107">
         <name>.text:abort</name>
         <load_address>0xf8a0</load_address>
         <run_address>0xf8a0</run_address>
         <size>0x6</size>
         <input_file_ref idref="fl-24"/>
      </object_component>
      <object_component id="oc-df">
         <name>.text:_system_pre_init</name>
         <load_address>0xf8a6</load_address>
         <run_address>0xf8a6</run_address>
         <size>0x4</size>
         <input_file_ref idref="fl-32"/>
      </object_component>
      <object_component id="oc-1b1">
         <name>.binit</name>
         <load_address>0xf800</load_address>
         <run_address>0xf800</run_address>
         <size>0x0</size>
      </object_component>
      <object_component id="oc-39">
         <name>.int02</name>
         <load_address>0xffe4</load_address>
         <run_address>0xffe4</run_address>
         <size>0x2</size>
         <input_file_ref idref="fl-26"/>
      </object_component>
      <object_component id="oc-3a">
         <name>.int03</name>
         <load_address>0xffe6</load_address>
         <run_address>0xffe6</run_address>
         <size>0x2</size>
         <input_file_ref idref="fl-27"/>
      </object_component>
      <object_component id="oc-3b">
         <name>.int08</name>
         <load_address>0xfff0</load_address>
         <run_address>0xfff0</run_address>
         <size>0x2</size>
         <input_file_ref idref="fl-28"/>
      </object_component>
      <object_component id="oc-3c">
         <name>.int09</name>
         <load_address>0xfff2</load_address>
         <run_address>0xfff2</run_address>
         <size>0x2</size>
         <input_file_ref idref="fl-29"/>
      </object_component>
      <object_component id="oc-3d">
         <name>.int10</name>
         <load_address>0xfff4</load_address>
         <run_address>0xfff4</run_address>
         <size>0x2</size>
         <input_file_ref idref="fl-2a"/>
      </object_component>
      <object_component id="oc-3e">
         <name>.int11</name>
         <load_address>0xfff6</load_address>
         <run_address>0xfff6</run_address>
         <size>0x2</size>
         <input_file_ref idref="fl-2b"/>
      </object_component>
      <object_component id="oc-3f">
         <name>.int14</name>
         <load_address>0xfffc</load_address>
         <run_address>0xfffc</run_address>
         <size>0x2</size>
         <input_file_ref idref="fl-2c"/>
      </object_component>
      <object_component id="oc-ab">
         <name>.reset</name>
         <load_address>0xfffe</load_address>
         <run_address>0xfffe</run_address>
         <size>0x2</size>
         <input_file_ref idref="fl-1e"/>
      </object_component>
      <object_component id="oc-100">
         <name>.debug_info</name>
         <load_address>0x0</load_address>
         <run_address>0x0</run_address>
         <size>0x1cc</size>
         <input_file_ref idref="fl-2"/>
      </object_component>
      <object_component id="oc-c1">
         <name>.debug_info</name>
         <load_address>0x1cc</load_address>
         <run_address>0x1cc</run_address>
         <size>0x84</size>
         <input_file_ref idref="fl-2"/>
      </object_component>
      <object_component id="oc-153">
         <name>.debug_info</name>
         <load_address>0x250</load_address>
         <run_address>0x250</run_address>
         <size>0x127</size>
         <input_file_ref idref="fl-3"/>
      </object_component>
      <object_component id="oc-15f">
         <name>.debug_info</name>
         <load_address>0x377</load_address>
         <run_address>0x377</run_address>
         <size>0x162</size>
         <input_file_ref idref="fl-3"/>
      </object_component>
      <object_component id="oc-159">
         <name>.debug_info</name>
         <load_address>0x4d9</load_address>
         <run_address>0x4d9</run_address>
         <size>0x125</size>
         <input_file_ref idref="fl-3"/>
      </object_component>
      <object_component id="oc-165">
         <name>.debug_info</name>
         <load_address>0x5fe</load_address>
         <run_address>0x5fe</run_address>
         <size>0x129</size>
         <input_file_ref idref="fl-3"/>
      </object_component>
      <object_component id="oc-a9">
         <name>.debug_info</name>
         <load_address>0x727</load_address>
         <run_address>0x727</run_address>
         <size>0xf5</size>
         <input_file_ref idref="fl-1e"/>
      </object_component>
      <object_component id="oc-77">
         <name>.debug_info</name>
         <load_address>0x81c</load_address>
         <run_address>0x81c</run_address>
         <size>0x193</size>
         <input_file_ref idref="fl-1f"/>
      </object_component>
      <object_component id="oc-108">
         <name>.debug_info</name>
         <load_address>0x9af</load_address>
         <run_address>0x9af</run_address>
         <size>0x117</size>
         <input_file_ref idref="fl-24"/>
      </object_component>
      <object_component id="oc-d4">
         <name>.debug_info</name>
         <load_address>0xac6</load_address>
         <run_address>0xac6</run_address>
         <size>0x107</size>
         <input_file_ref idref="fl-2d"/>
      </object_component>
      <object_component id="oc-e0">
         <name>.debug_info</name>
         <load_address>0xbcd</load_address>
         <run_address>0xbcd</run_address>
         <size>0x148</size>
         <input_file_ref idref="fl-32"/>
      </object_component>
      <object_component id="oc-1e8">
         <name>.debug_info</name>
         <load_address>0xd15</load_address>
         <run_address>0xd15</run_address>
         <size>0x9c</size>
      </object_component>
      <object_component id="oc-103">
         <name>.debug_line</name>
         <load_address>0x0</load_address>
         <run_address>0x0</run_address>
         <size>0x58</size>
         <input_file_ref idref="fl-2"/>
      </object_component>
      <object_component id="oc-c4">
         <name>.debug_line</name>
         <load_address>0x58</load_address>
         <run_address>0x58</run_address>
         <size>0x20</size>
         <input_file_ref idref="fl-2"/>
      </object_component>
      <object_component id="oc-156">
         <name>.debug_line</name>
         <load_address>0x78</load_address>
         <run_address>0x78</run_address>
         <size>0x52</size>
         <input_file_ref idref="fl-3"/>
      </object_component>
      <object_component id="oc-162">
         <name>.debug_line</name>
         <load_address>0xca</load_address>
         <run_address>0xca</run_address>
         <size>0x59</size>
         <input_file_ref idref="fl-3"/>
      </object_component>
      <object_component id="oc-15c">
         <name>.debug_line</name>
         <load_address>0x123</load_address>
         <run_address>0x123</run_address>
         <size>0x4d</size>
         <input_file_ref idref="fl-3"/>
      </object_component>
      <object_component id="oc-168">
         <name>.debug_line</name>
         <load_address>0x170</load_address>
         <run_address>0x170</run_address>
         <size>0x4d</size>
         <input_file_ref idref="fl-3"/>
      </object_component>
      <object_component id="oc-114">
         <name>.debug_line</name>
         <load_address>0x1bd</load_address>
         <run_address>0x1bd</run_address>
         <size>0x2a</size>
         <input_file_ref idref="fl-1e"/>
      </object_component>
      <object_component id="oc-7a">
         <name>.debug_line</name>
         <load_address>0x1e7</load_address>
         <run_address>0x1e7</run_address>
         <size>0x47</size>
         <input_file_ref idref="fl-1f"/>
      </object_component>
      <object_component id="oc-10b">
         <name>.debug_line</name>
         <load_address>0x22e</load_address>
         <run_address>0x22e</run_address>
         <size>0x3d</size>
         <input_file_ref idref="fl-24"/>
      </object_component>
      <object_component id="oc-d7">
         <name>.debug_line</name>
         <load_address>0x26b</load_address>
         <run_address>0x26b</run_address>
         <size>0x3d</size>
         <input_file_ref idref="fl-2d"/>
      </object_component>
      <object_component id="oc-e3">
         <name>.debug_line</name>
         <load_address>0x2a8</load_address>
         <run_address>0x2a8</run_address>
         <size>0x3e</size>
         <input_file_ref idref="fl-32"/>
      </object_component>
      <object_component id="oc-104">
         <name>.debug_frame</name>
         <load_address>0x0</load_address>
         <run_address>0x0</run_address>
         <size>0x39</size>
         <input_file_ref idref="fl-2"/>
      </object_component>
      <object_component id="oc-157">
         <name>.debug_frame</name>
         <load_address>0x39</load_address>
         <run_address>0x39</run_address>
         <size>0x39</size>
         <input_file_ref idref="fl-3"/>
      </object_component>
      <object_component id="oc-163">
         <name>.debug_frame</name>
         <load_address>0x72</load_address>
         <run_address>0x72</run_address>
         <size>0x39</size>
         <input_file_ref idref="fl-3"/>
      </object_component>
      <object_component id="oc-15d">
         <name>.debug_frame</name>
         <load_address>0xab</load_address>
         <run_address>0xab</run_address>
         <size>0x39</size>
         <input_file_ref idref="fl-3"/>
      </object_component>
      <object_component id="oc-169">
         <name>.debug_frame</name>
         <load_address>0xe4</load_address>
         <run_address>0xe4</run_address>
         <size>0x39</size>
         <input_file_ref idref="fl-3"/>
      </object_component>
      <object_component id="oc-7b">
         <name>.debug_frame</name>
         <load_address>0x11d</load_address>
         <run_address>0x11d</run_address>
         <size>0x34</size>
         <input_file_ref idref="fl-1f"/>
      </object_component>
      <object_component id="oc-10c">
         <name>.debug_frame</name>
         <load_address>0x151</load_address>
         <run_address>0x151</run_address>
         <size>0x39</size>
         <input_file_ref idref="fl-24"/>
      </object_component>
      <object_component id="oc-e4">
         <name>.debug_frame</name>
         <load_address>0x18a</load_address>
         <run_address>0x18a</run_address>
         <size>0x39</size>
         <input_file_ref idref="fl-32"/>
      </object_component>
      <object_component id="oc-16a">
         <name>.debug_abbrev</name>
         <load_address>0x0</load_address>
         <run_address>0x0</run_address>
         <size>0x52</size>
         <input_file_ref idref="fl-2"/>
      </object_component>
      <object_component id="oc-c3">
         <name>.debug_abbrev</name>
         <load_address>0x52</load_address>
         <run_address>0x52</run_address>
         <size>0x1f</size>
         <input_file_ref idref="fl-2"/>
      </object_component>
      <object_component id="oc-19f">
         <name>.debug_abbrev</name>
         <load_address>0x71</load_address>
         <run_address>0x71</run_address>
         <size>0x50</size>
         <input_file_ref idref="fl-3"/>
      </object_component>
      <object_component id="oc-1a1">
         <name>.debug_abbrev</name>
         <load_address>0xc1</load_address>
         <run_address>0xc1</run_address>
         <size>0x6c</size>
         <input_file_ref idref="fl-3"/>
      </object_component>
      <object_component id="oc-1a0">
         <name>.debug_abbrev</name>
         <load_address>0x12d</load_address>
         <run_address>0x12d</run_address>
         <size>0x50</size>
         <input_file_ref idref="fl-3"/>
      </object_component>
      <object_component id="oc-1a2">
         <name>.debug_abbrev</name>
         <load_address>0x17d</load_address>
         <run_address>0x17d</run_address>
         <size>0x50</size>
         <input_file_ref idref="fl-3"/>
      </object_component>
      <object_component id="oc-113">
         <name>.debug_abbrev</name>
         <load_address>0x1cd</load_address>
         <run_address>0x1cd</run_address>
         <size>0x29</size>
         <input_file_ref idref="fl-1e"/>
      </object_component>
      <object_component id="oc-111">
         <name>.debug_abbrev</name>
         <load_address>0x1f6</load_address>
         <run_address>0x1f6</run_address>
         <size>0x58</size>
         <input_file_ref idref="fl-1f"/>
      </object_component>
      <object_component id="oc-16b">
         <name>.debug_abbrev</name>
         <load_address>0x24e</load_address>
         <run_address>0x24e</run_address>
         <size>0x45</size>
         <input_file_ref idref="fl-24"/>
      </object_component>
      <object_component id="oc-12c">
         <name>.debug_abbrev</name>
         <load_address>0x293</load_address>
         <run_address>0x293</run_address>
         <size>0x28</size>
         <input_file_ref idref="fl-2d"/>
      </object_component>
      <object_component id="oc-12f">
         <name>.debug_abbrev</name>
         <load_address>0x2bb</load_address>
         <run_address>0x2bb</run_address>
         <size>0x55</size>
         <input_file_ref idref="fl-32"/>
      </object_component>
      <object_component id="oc-1e9">
         <name>.debug_abbrev</name>
         <load_address>0x310</load_address>
         <run_address>0x310</run_address>
         <size>0xf</size>
      </object_component>
      <object_component id="oc-c5">
         <name>.debug_str</name>
         <load_address>0x0</load_address>
         <run_address>0x0</run_address>
         <size>0xfa</size>
         <input_file_ref idref="fl-2"/>
      </object_component>
      <object_component id="oc-101">
         <name>.debug_aranges</name>
         <load_address>0x0</load_address>
         <run_address>0x0</run_address>
         <size>0x20</size>
         <input_file_ref idref="fl-2"/>
      </object_component>
      <object_component id="oc-154">
         <name>.debug_aranges</name>
         <load_address>0x20</load_address>
         <run_address>0x20</run_address>
         <size>0x20</size>
         <input_file_ref idref="fl-3"/>
      </object_component>
      <object_component id="oc-160">
         <name>.debug_aranges</name>
         <load_address>0x40</load_address>
         <run_address>0x40</run_address>
         <size>0x20</size>
         <input_file_ref idref="fl-3"/>
      </object_component>
      <object_component id="oc-15a">
         <name>.debug_aranges</name>
         <load_address>0x60</load_address>
         <run_address>0x60</run_address>
         <size>0x20</size>
         <input_file_ref idref="fl-3"/>
      </object_component>
      <object_component id="oc-166">
         <name>.debug_aranges</name>
         <load_address>0x80</load_address>
         <run_address>0x80</run_address>
         <size>0x20</size>
         <input_file_ref idref="fl-3"/>
      </object_component>
      <object_component id="oc-78">
         <name>.debug_aranges</name>
         <load_address>0xa0</load_address>
         <run_address>0xa0</run_address>
         <size>0x20</size>
         <input_file_ref idref="fl-1f"/>
      </object_component>
      <object_component id="oc-109">
         <name>.debug_aranges</name>
         <load_address>0xc0</load_address>
         <run_address>0xc0</run_address>
         <size>0x20</size>
         <input_file_ref idref="fl-24"/>
      </object_component>
      <object_component id="oc-d5">
         <name>.debug_aranges</name>
         <load_address>0xe0</load_address>
         <run_address>0xe0</run_address>
         <size>0x20</size>
         <input_file_ref idref="fl-2d"/>
      </object_component>
      <object_component id="oc-e1">
         <name>.debug_aranges</name>
         <load_address>0x100</load_address>
         <run_address>0x100</run_address>
         <size>0x20</size>
         <input_file_ref idref="fl-32"/>
      </object_component>
      <object_component id="oc-102">
         <name>.debug_pubnames</name>
         <load_address>0x0</load_address>
         <run_address>0x0</run_address>
         <size>0x1b</size>
         <input_file_ref idref="fl-2"/>
      </object_component>
      <object_component id="oc-155">
         <name>.debug_pubnames</name>
         <load_address>0x1b</load_address>
         <run_address>0x1b</run_address>
         <size>0x25</size>
         <input_file_ref idref="fl-3"/>
      </object_component>
      <object_component id="oc-161">
         <name>.debug_pubnames</name>
         <load_address>0x40</load_address>
         <run_address>0x40</run_address>
         <size>0x29</size>
         <input_file_ref idref="fl-3"/>
      </object_component>
      <object_component id="oc-15b">
         <name>.debug_pubnames</name>
         <load_address>0x69</load_address>
         <run_address>0x69</run_address>
         <size>0x24</size>
         <input_file_ref idref="fl-3"/>
      </object_component>
      <object_component id="oc-167">
         <name>.debug_pubnames</name>
         <load_address>0x8d</load_address>
         <run_address>0x8d</run_address>
         <size>0x26</size>
         <input_file_ref idref="fl-3"/>
      </object_component>
      <object_component id="oc-aa">
         <name>.debug_pubnames</name>
         <load_address>0xb3</load_address>
         <run_address>0xb3</run_address>
         <size>0x1d</size>
         <input_file_ref idref="fl-1e"/>
      </object_component>
      <object_component id="oc-79">
         <name>.debug_pubnames</name>
         <load_address>0xd0</load_address>
         <run_address>0xd0</run_address>
         <size>0x34</size>
         <input_file_ref idref="fl-1f"/>
      </object_component>
      <object_component id="oc-10a">
         <name>.debug_pubnames</name>
         <load_address>0x104</load_address>
         <run_address>0x104</run_address>
         <size>0x1c</size>
         <input_file_ref idref="fl-24"/>
      </object_component>
      <object_component id="oc-d6">
         <name>.debug_pubnames</name>
         <load_address>0x120</load_address>
         <run_address>0x120</run_address>
         <size>0x2b</size>
         <input_file_ref idref="fl-2d"/>
      </object_component>
      <object_component id="oc-e2">
         <name>.debug_pubnames</name>
         <load_address>0x14b</load_address>
         <run_address>0x14b</run_address>
         <size>0x27</size>
         <input_file_ref idref="fl-32"/>
      </object_component>
      <object_component id="oc-c2">
         <name>.debug_pubtypes</name>
         <load_address>0x0</load_address>
         <run_address>0x0</run_address>
         <size>0xed</size>
         <input_file_ref idref="fl-2"/>
      </object_component>
   </object_component_list>
   <logical_group_list>
      <logical_group id="lg-2" display="no" color="cyan">
         <name>.bss</name>
         <run_address>0x0</run_address>
         <size>0x0</size>
         <contents>
         </contents>
      </logical_group>
      <logical_group id="lg-3" display="no" color="cyan">
         <name>.data</name>
         <run_address>0x0</run_address>
         <size>0x0</size>
         <contents>
         </contents>
      </logical_group>
      <logical_group id="lg-4" display="no" color="cyan">
         <name>.TI.noinit</name>
         <run_address>0x0</run_address>
         <size>0x0</size>
         <contents>
         </contents>
      </logical_group>
      <logical_group id="lg-5" display="no" color="cyan">
         <name>.sysmem</name>
         <run_address>0x0</run_address>
         <size>0x0</size>
         <contents>
         </contents>
      </logical_group>
      <logical_group id="lg-6" display="no" color="cyan">
         <name>.stack</name>
         <run_address>0x24c</run_address>
         <size>0x32</size>
         <contents>
            <object_component_ref idref="oc-a8"/>
            <object_component_ref idref="oc-1e7"/>
         </contents>
      </logical_group>
      <logical_group id="lg-7" display="no" color="cyan">
         <name>.text</name>
         <load_address>0xf800</load_address>
         <run_address>0xf800</run_address>
         <size>0xaa</size>
         <contents>
            <object_component_ref idref="oc-ff"/>
            <object_component_ref idref="oc-15e"/>
            <object_component_ref idref="oc-152"/>
            <object_component_ref idref="oc-76"/>
            <object_component_ref idref="oc-d3"/>
            <object_component_ref idref="oc-164"/>
            <object_component_ref idref="oc-158"/>
            <object_component_ref idref="oc-107"/>
            <object_component_ref idref="oc-df"/>
         </contents>
      </logical_group>
      <logical_group id="lg-8" display="no" color="cyan">
         <name>.cinit</name>
         <run_address>0x0</run_address>
         <size>0x0</size>
         <contents>
         </contents>
      </logical_group>
      <logical_group id="lg-9" display="no" color="cyan">
         <name>.const</name>
         <run_address>0x0</run_address>
         <size>0x0</size>
         <contents>
         </contents>
      </logical_group>
      <logical_group id="lg-a" display="no" color="cyan">
         <name>.cio</name>
         <run_address>0x0</run_address>
         <size>0x0</size>
         <contents>
         </contents>
      </logical_group>
      <logical_group id="lg-b" display="no" color="cyan">
         <name>.pinit</name>
         <run_address>0x0</run_address>
         <size>0x0</size>
         <contents>
         </contents>
      </logical_group>
      <logical_group id="lg-c" display="no" color="cyan">
         <name>.binit</name>
         <load_address>0xf800</load_address>
         <run_address>0xf800</run_address>
         <size>0x0</size>
         <contents>
            <object_component_ref idref="oc-1b1"/>
         </contents>
      </logical_group>
      <logical_group id="lg-d" display="no" color="cyan">
         <name>.init_array</name>
         <run_address>0x0</run_address>
         <size>0x0</size>
         <contents>
         </contents>
      </logical_group>
      <logical_group id="lg-e" display="no" color="cyan">
         <name>.mspabi.exidx</name>
         <run_address>0x0</run_address>
         <size>0x0</size>
         <contents>
         </contents>
      </logical_group>
      <logical_group id="lg-f" display="no" color="cyan">
         <name>.mspabi.extab</name>
         <run_address>0x0</run_address>
         <size>0x0</size>
         <contents>
         </contents>
      </logical_group>
      <logical_group id="lg-10" display="no" color="cyan">
         <name>.TI.ramfunc</name>
         <run_address>0x0</run_address>
         <size>0x0</size>
         <contents>
         </contents>
      </logical_group>
      <logical_group id="lg-11" display="no" color="cyan">
         <name>.infoA</name>
         <run_address>0x0</run_address>
         <size>0x0</size>
         <contents>
         </contents>
      </logical_group>
      <logical_group id="lg-12" display="no" color="cyan">
         <name>.infoB</name>
         <run_address>0x0</run_address>
         <size>0x0</size>
         <contents>
         </contents>
      </logical_group>
      <logical_group id="lg-13" display="no" color="cyan">
         <name>.infoC</name>
         <run_address>0x0</run_address>
         <size>0x0</size>
         <contents>
         </contents>
      </logical_group>
      <logical_group id="lg-14" display="no" color="cyan">
         <name>.infoD</name>
         <run_address>0x0</run_address>
         <size>0x0</size>
         <contents>
         </contents>
      </logical_group>
      <logical_group id="lg-15" display="no" color="cyan">
         <name>.int00</name>
         <run_address>0x0</run_address>
         <size>0x0</size>
         <contents>
         </contents>
      </logical_group>
      <logical_group id="lg-16" display="no" color="cyan">
         <name>.int01</name>
         <run_address>0x0</run_address>
         <size>0x0</size>
         <contents>
         </contents>
      </logical_group>
      <logical_group id="lg-17" display="no" color="cyan">
         <name>PORT1</name>
         <load_address>0xffe4</load_address>
         <run_address>0xffe4</run_address>
         <size>0x2</size>
         <contents>
            <object_component_ref idref="oc-39"/>
         </contents>
      </logical_group>
      <logical_group id="lg-19" display="no" color="cyan">
         <name>PORT2</name>
         <load_address>0xffe6</load_address>
         <run_address>0xffe6</run_address>
         <size>0x2</size>
         <contents>
            <object_component_ref idref="oc-3a"/>
         </contents>
      </logical_group>
      <logical_group id="lg-1b" display="no" color="cyan">
         <name>.int04</name>
         <run_address>0x0</run_address>
         <size>0x0</size>
         <contents>
         </contents>
      </logical_group>
      <logical_group id="lg-1c" display="no" color="cyan">
         <name>.int05</name>
         <run_address>0x0</run_address>
         <size>0x0</size>
         <contents>
         </contents>
      </logical_group>
      <logical_group id="lg-1d" display="no" color="cyan">
         <name>.int06</name>
         <run_address>0x0</run_address>
         <size>0x0</size>
         <contents>
         </contents>
      </logical_group>
      <logical_group id="lg-1e" display="no" color="cyan">
         <name>.int07</name>
         <run_address>0x0</run_address>
         <size>0x0</size>
         <contents>
         </contents>
      </logical_group>
      <logical_group id="lg-1f" display="no" color="cyan">
         <name>TIMERA1</name>
         <load_address>0xfff0</load_address>
         <run_address>0xfff0</run_address>
         <size>0x2</size>
         <contents>
            <object_component_ref idref="oc-3b"/>
         </contents>
      </logical_group>
      <logical_group id="lg-21" display="no" color="cyan">
         <name>TIMERA0</name>
         <load_address>0xfff2</load_address>
         <run_address>0xfff2</run_address>
         <size>0x2</size>
         <contents>
            <object_component_ref idref="oc-3c"/>
         </contents>
      </logical_group>
      <logical_group id="lg-23" display="no" color="cyan">
         <name>WDT</name>
         <load_address>0xfff4</load_address>
         <run_address>0xfff4</run_address>
         <size>0x2</size>
         <contents>
            <object_component_ref idref="oc-3d"/>
         </contents>
      </logical_group>
      <logical_group id="lg-25" display="no" color="cyan">
         <name>COMPARATORA</name>
         <load_address>0xfff6</load_address>
         <run_address>0xfff6</run_address>
         <size>0x2</size>
         <contents>
            <object_component_ref idref="oc-3e"/>
         </contents>
      </logical_group>
      <logical_group id="lg-27" display="no" color="cyan">
         <name>.int12</name>
         <run_address>0x0</run_address>
         <size>0x0</size>
         <contents>
         </contents>
      </logical_group>
      <logical_group id="lg-28" display="no" color="cyan">
         <name>.int13</name>
         <run_address>0x0</run_address>
         <size>0x0</size>
         <contents>
         </contents>
      </logical_group>
      <logical_group id="lg-29" display="no" color="cyan">
         <name>NMI</name>
         <load_address>0xfffc</load_address>
         <run_address>0xfffc</run_address>
         <size>0x2</size>
         <contents>
            <object_component_ref idref="oc-3f"/>
         </contents>
      </logical_group>
      <logical_group id="lg-2b" display="no" color="cyan">
         <name>.reset</name>
         <load_address>0xfffe</load_address>
         <run_address>0xfffe</run_address>
         <size>0x2</size>
         <contents>
            <object_component_ref idref="oc-ab"/>
         </contents>
      </logical_group>
      <logical_group id="lg-1b0" display="no" color="cyan">
         <name>.TI.persistent</name>
         <run_address>0x0</run_address>
         <size>0x0</size>
         <contents>
         </contents>
      </logical_group>
      <logical_group id="lg-1d6" display="never" color="cyan">
         <name>.debug_info</name>
         <load_address>0x0</load_address>
         <run_address>0x0</run_address>
         <size>0xdb1</size>
         <contents>
            <object_component_ref idref="oc-100"/>
            <object_component_ref idref="oc-c1"/>
            <object_component_ref idref="oc-153"/>
            <object_component_ref idref="oc-15f"/>
            <object_component_ref idref="oc-159"/>
            <object_component_ref idref="oc-165"/>
            <object_component_ref idref="oc-a9"/>
            <object_component_ref idref="oc-77"/>
            <object_component_ref idref="oc-108"/>
            <object_component_ref idref="oc-d4"/>
            <object_component_ref idref="oc-e0"/>
            <object_component_ref idref="oc-1e8"/>
         </contents>
      </logical_group>
      <logical_group id="lg-1d8" display="never" color="cyan">
         <name>.debug_line</name>
         <load_address>0x0</load_address>
         <run_address>0x0</run_address>
         <size>0x2e6</size>
         <contents>
            <object_component_ref idref="oc-103"/>
            <object_component_ref idref="oc-c4"/>
            <object_component_ref idref="oc-156"/>
            <object_component_ref idref="oc-162"/>
            <object_component_ref idref="oc-15c"/>
            <object_component_ref idref="oc-168"/>
            <object_component_ref idref="oc-114"/>
            <object_component_ref idref="oc-7a"/>
            <object_component_ref idref="oc-10b"/>
            <object_component_ref idref="oc-d7"/>
            <object_component_ref idref="oc-e3"/>
         </contents>
      </logical_group>
      <logical_group id="lg-1da" display="never" color="cyan">
         <name>.debug_frame</name>
         <load_address>0x0</load_address>
         <run_address>0x0</run_address>
         <size>0x1c3</size>
         <contents>
            <object_component_ref idref="oc-104"/>
            <object_component_ref idref="oc-157"/>
            <object_component_ref idref="oc-163"/>
            <object_component_ref idref="oc-15d"/>
            <object_component_ref idref="oc-169"/>
            <object_component_ref idref="oc-7b"/>
            <object_component_ref idref="oc-10c"/>
            <object_component_ref idref="oc-e4"/>
         </contents>
      </logical_group>
      <logical_group id="lg-1dc" display="never" color="cyan">
         <name>.debug_abbrev</name>
         <load_address>0x0</load_address>
         <run_address>0x0</run_address>
         <size>0x31f</size>
         <contents>
            <object_component_ref idref="oc-16a"/>
            <object_component_ref idref="oc-c3"/>
            <object_component_ref idref="oc-19f"/>
            <object_component_ref idref="oc-1a1"/>
            <object_component_ref idref="oc-1a0"/>
            <object_component_ref idref="oc-1a2"/>
            <object_component_ref idref="oc-113"/>
            <object_component_ref idref="oc-111"/>
            <object_component_ref idref="oc-16b"/>
            <object_component_ref idref="oc-12c"/>
            <object_component_ref idref="oc-12f"/>
            <object_component_ref idref="oc-1e9"/>
         </contents>
      </logical_group>
      <logical_group id="lg-1de" display="never" color="cyan">
         <name>.debug_str</name>
         <load_address>0x0</load_address>
         <run_address>0x0</run_address>
         <size>0xfa</size>
         <contents>
            <object_component_ref idref="oc-c5"/>
         </contents>
      </logical_group>
      <logical_group id="lg-1e0" display="never" color="cyan">
         <name>.debug_aranges</name>
         <load_address>0x0</load_address>
         <run_address>0x0</run_address>
         <size>0x120</size>
         <contents>
            <object_component_ref idref="oc-101"/>
            <object_component_ref idref="oc-154"/>
            <object_component_ref idref="oc-160"/>
            <object_component_ref idref="oc-15a"/>
            <object_component_ref idref="oc-166"/>
            <object_component_ref idref="oc-78"/>
            <object_component_ref idref="oc-109"/>
            <object_component_ref idref="oc-d5"/>
            <object_component_ref idref="oc-e1"/>
         </contents>
      </logical_group>
      <logical_group id="lg-1e2" display="never" color="cyan">
         <name>.debug_pubnames</name>
         <load_address>0x0</load_address>
         <run_address>0x0</run_address>
         <size>0x172</size>
         <contents>
            <object_component_ref idref="oc-102"/>
            <object_component_ref idref="oc-155"/>
            <object_component_ref idref="oc-161"/>
            <object_component_ref idref="oc-15b"/>
            <object_component_ref idref="oc-167"/>
            <object_component_ref idref="oc-aa"/>
            <object_component_ref idref="oc-79"/>
            <object_component_ref idref="oc-10a"/>
            <object_component_ref idref="oc-d6"/>
            <object_component_ref idref="oc-e2"/>
         </contents>
      </logical_group>
      <logical_group id="lg-1e4" display="never" color="cyan">
         <name>.debug_pubtypes</name>
         <load_address>0x0</load_address>
         <run_address>0x0</run_address>
         <size>0xed</size>
         <contents>
            <object_component_ref idref="oc-c2"/>
         </contents>
      </logical_group>
      <load_segment id="lg-1ea" display="no" color="cyan">
         <name>SEGMENT_0</name>
         <run_address>0x24c</run_address>
         <size>0x32</size>
         <flags>0x6</flags>
         <contents>
            <logical_group_ref idref="lg-6"/>
         </contents>
      </load_segment>
      <load_segment id="lg-1eb" display="no" color="cyan">
         <name>SEGMENT_1</name>
         <load_address>0xf800</load_address>
         <run_address>0xf800</run_address>
         <size>0xaa</size>
         <flags>0x5</flags>
         <contents>
            <logical_group_ref idref="lg-7"/>
         </contents>
      </load_segment>
      <load_segment id="lg-1ec" display="no" color="cyan">
         <name>SEGMENT_2</name>
         <load_address>0xffe4</load_address>
         <run_address>0xffe4</run_address>
         <size>0x4</size>
         <flags>0x4</flags>
         <contents>
            <logical_group_ref idref="lg-17"/>
            <logical_group_ref idref="lg-19"/>
         </contents>
      </load_segment>
      <load_segment id="lg-1ed" display="no" color="cyan">
         <name>SEGMENT_3</name>
         <load_address>0xfff0</load_address>
         <run_address>0xfff0</run_address>
         <size>0x8</size>
         <flags>0x4</flags>
         <contents>
            <logical_group_ref idref="lg-1f"/>
            <logical_group_ref idref="lg-21"/>
            <logical_group_ref idref="lg-23"/>
            <logical_group_ref idref="lg-25"/>
         </contents>
      </load_segment>
      <load_segment id="lg-1ee" display="no" color="cyan">
         <name>SEGMENT_4</name>
         <load_address>0xfffc</load_address>
         <run_address>0xfffc</run_address>
         <size>0x4</size>
         <flags>0x4</flags>
         <contents>
            <logical_group_ref idref="lg-29"/>
            <logical_group_ref idref="lg-2b"/>
         </contents>
      </load_segment>
   </logical_group_list>
   <placement_map>
      <memory_area display="no" color="green">
         <name>SFR</name>
         <page_id>0x0</page_id>
         <origin>0x0</origin>
         <length>0x10</length>
         <used_space>0x0</used_space>
         <unused_space>0x10</unused_space>
         <attributes>RWIX</attributes>
         <usage_details>
         </usage_details>
      </memory_area>
      <memory_area display="yes" color="green">
         <name>PERIPHERALS_8BIT</name>
         <page_id>0x0</page_id>
         <origin>0x10</origin>
         <length>0xf0</length>
         <used_space>0x0</used_space>
         <unused_space>0xf0</unused_space>
         <attributes>RWIX</attributes>
         <usage_details>
         </usage_details>
      </memory_area>
      <memory_area display="yes" color="green">
         <name>PERIPHERALS_16BIT</name>
         <page_id>0x0</page_id>
         <origin>0x100</origin>
         <length>0x100</length>
         <used_space>0x0</used_space>
         <unused_space>0x100</unused_space>
         <attributes>RWIX</attributes>
         <usage_details>
         </usage_details>
      </memory_area>
      <memory_area display="yes" color="green">
         <name>RAM</name>
         <page_id>0x0</page_id>
         <origin>0x200</origin>
         <length>0x80</length>
         <used_space>0x32</used_space>
         <unused_space>0x4e</unused_space>
         <attributes>RWIX</attributes>
         <usage_details>
            <available_space>
               <start_address>0x200</start_address>
               <size>0x4c</size>
            </available_space>
            <allocated_space>
               <start_address>0x24c</start_address>
               <size>0x32</size>
               <logical_group_ref idref="lg-6"/>
            </allocated_space>
            <available_space>
               <start_address>0x27e</start_address>
               <size>0x2</size>
            </available_space>
         </usage_details>
      </memory_area>
      <memory_area display="no" color="green">
         <name>INFOD</name>
         <page_id>0x0</page_id>
         <origin>0x1000</origin>
         <length>0x40</length>
         <used_space>0x0</used_space>
         <unused_space>0x40</unused_space>
         <attributes>RWIX</attributes>
         <usage_details>
         </usage_details>
      </memory_area>
      <memory_area display="no" color="green">
         <name>INFOC</name>
         <page_id>0x0</page_id>
         <origin>0x1040</origin>
         <length>0x40</length>
         <used_space>0x0</used_space>
         <unused_space>0x40</unused_space>
         <attributes>RWIX</attributes>
         <usage_details>
         </usage_details>
      </memory_area>
      <memory_area display="no" color="green">
         <name>INFOB</name>
         <page_id>0x0</page_id>
         <origin>0x1080</origin>
         <length>0x40</length>
         <used_space>0x0</used_space>
         <unused_space>0x40</unused_space>
         <attributes>RWIX</attributes>
         <usage_details>
         </usage_details>
      </memory_area>
      <memory_area display="no" color="green">
         <name>INFOA</name>
         <page_id>0x0</page_id>
         <origin>0x10c0</origin>
         <length>0x40</length>
         <used_space>0x0</used_space>
         <unused_space>0x40</unused_space>
         <attributes>RWIX</attributes>
         <usage_details>
         </usage_details>
      </memory_area>
      <memory_area display="yes" color="green">
         <name>FLASH</name>
         <page_id>0x0</page_id>
         <origin>0xf800</origin>
         <length>0x7e0</length>
         <used_space>0xaa</used_space>
         <unused_space>0x736</unused_space>
         <attributes>RWIX</attributes>
         <usage_details>
            <allocated_space>
               <start_address>0xf800</start_address>
               <size>0x0</size>
               <logical_group_ref idref="lg-c"/>
            </allocated_space>
            <allocated_space>
               <start_address>0xf800</start_address>
               <size>0xaa</size>
               <logical_group_ref idref="lg-7"/>
            </allocated_space>
            <available_space>
               <start_address>0xf8aa</start_address>
               <size>0x736</size>
            </available_space>
         </usage_details>
      </memory_area>
      <memory_area display="no" color="green">
         <name>INT00</name>
         <page_id>0x0</page_id>
         <origin>0xffe0</origin>
         <length>0x2</length>
         <used_space>0x0</used_space>
         <unused_space>0x2</unused_space>
         <attributes>RWIX</attributes>
         <usage_details>
         </usage_details>
      </memory_area>
      <memory_area display="no" color="green">
         <name>INT01</name>
         <page_id>0x0</page_id>
         <origin>0xffe2</origin>
         <length>0x2</length>
         <used_space>0x0</used_space>
         <unused_space>0x2</unused_space>
         <attributes>RWIX</attributes>
         <usage_details>
         </usage_details>
      </memory_area>
      <memory_area display="no" color="green">
         <name>INT02</name>
         <page_id>0x0</page_id>
         <origin>0xffe4</origin>
         <length>0x2</length>
         <used_space>0x2</used_space>
         <unused_space>0x0</unused_space>
         <attributes>RWIX</attributes>
         <usage_details>
            <allocated_space>
               <start_address>0xffe4</start_address>
               <size>0x2</size>
               <logical_group_ref idref="lg-17"/>
            </allocated_space>
         </usage_details>
      </memory_area>
      <memory_area display="no" color="green">
         <name>INT03</name>
         <page_id>0x0</page_id>
         <origin>0xffe6</origin>
         <length>0x2</length>
         <used_space>0x2</used_space>
         <unused_space>0x0</unused_space>
         <attributes>RWIX</attributes>
         <usage_details>
            <allocated_space>
               <start_address>0xffe6</start_address>
               <size>0x2</size>
               <logical_group_ref idref="lg-19"/>
            </allocated_space>
         </usage_details>
      </memory_area>
      <memory_area display="no" color="green">
         <name>INT04</name>
         <page_id>0x0</page_id>
         <origin>0xffe8</origin>
         <length>0x2</length>
         <used_space>0x0</used_space>
         <unused_space>0x2</unused_space>
         <attributes>RWIX</attributes>
         <usage_details>
         </usage_details>
      </memory_area>
      <memory_area display="no" color="green">
         <name>INT05</name>
         <page_id>0x0</page_id>
         <origin>0xffea</origin>
         <length>0x2</length>
         <used_space>0x0</used_space>
         <unused_space>0x2</unused_space>
         <attributes>RWIX</attributes>
         <usage_details>
         </usage_details>
      </memory_area>
      <memory_area display="no" color="green">
         <name>INT06</name>
         <page_id>0x0</page_id>
         <origin>0xffec</origin>
         <length>0x2</length>
         <used_space>0x0</used_space>
         <unused_space>0x2</unused_space>
         <attributes>RWIX</attributes>
         <usage_details>
         </usage_details>
      </memory_area>
      <memory_area display="no" color="green">
         <name>INT07</name>
         <page_id>0x0</page_id>
         <origin>0xffee</origin>
         <length>0x2</length>
         <used_space>0x0</used_space>
         <unused_space>0x2</unused_space>
         <attributes>RWIX</attributes>
         <usage_details>
         </usage_details>
      </memory_area>
      <memory_area display="no" color="green">
         <name>INT08</name>
         <page_id>0x0</page_id>
         <origin>0xfff0</origin>
         <length>0x2</length>
         <used_space>0x2</used_space>
         <unused_space>0x0</unused_space>
         <attributes>RWIX</attributes>
         <usage_details>
            <allocated_space>
               <start_address>0xfff0</start_address>
               <size>0x2</size>
               <logical_group_ref idref="lg-1f"/>
            </allocated_space>
         </usage_details>
      </memory_area>
      <memory_area display="no" color="green">
         <name>INT09</name>
         <page_id>0x0</page_id>
         <origin>0xfff2</origin>
         <length>0x2</length>
         <used_space>0x2</used_space>
         <unused_space>0x0</unused_space>
         <attributes>RWIX</attributes>
         <usage_details>
            <allocated_space>
               <start_address>0xfff2</start_address>
               <size>0x2</size>
               <logical_group_ref idref="lg-21"/>
            </allocated_space>
         </usage_details>
      </memory_area>
      <memory_area display="no" color="green">
         <name>INT10</name>
         <page_id>0x0</page_id>
         <origin>0xfff4</origin>
         <length>0x2</length>
         <used_space>0x2</used_space>
         <unused_space>0x0</unused_space>
         <attributes>RWIX</attributes>
         <usage_details>
            <allocated_space>
               <start_address>0xfff4</start_address>
               <size>0x2</size>
               <logical_group_ref idref="lg-23"/>
            </allocated_space>
         </usage_details>
      </memory_area>
      <memory_area display="no" color="green">
         <name>INT11</name>
         <page_id>0x0</page_id>
         <origin>0xfff6</origin>
         <length>0x2</length>
         <used_space>0x2</used_space>
         <unused_space>0x0</unused_space>
         <attributes>RWIX</attributes>
         <usage_details>
            <allocated_space>
               <start_address>0xfff6</start_address>
               <size>0x2</size>
               <logical_group_ref idref="lg-25"/>
            </allocated_space>
         </usage_details>
      </memory_area>
      <memory_area display="no" color="green">
         <name>INT12</name>
         <page_id>0x0</page_id>
         <origin>0xfff8</origin>
         <length>0x2</length>
         <used_space>0x0</used_space>
         <unused_space>0x2</unused_space>
         <attributes>RWIX</attributes>
         <usage_details>
         </usage_details>
      </memory_area>
      <memory_area display="no" color="green">
         <name>INT13</name>
         <page_id>0x0</page_id>
         <origin>0xfffa</origin>
         <length>0x2</length>
         <used_space>0x0</used_space>
         <unused_space>0x2</unused_space>
         <attributes>RWIX</attributes>
         <usage_details>
         </usage_details>
      </memory_area>
      <memory_area display="no" color="green">
         <name>INT14</name>
         <page_id>0x0</page_id>
         <origin>0xfffc</origin>
         <length>0x2</length>
         <used_space>0x2</used_space>
         <unused_space>0x0</unused_space>
         <attributes>RWIX</attributes>
         <usage_details>
            <allocated_space>
               <start_address>0xfffc</start_address>
               <size>0x2</size>
               <logical_group_ref idref="lg-29"/>
            </allocated_space>
         </usage_details>
      </memory_area>
      <memory_area display="no" color="green">
         <name>RESET</name>
         <page_id>0x0</page_id>
         <origin>0xfffe</origin>
         <length>0x2</length>
         <used_space>0x2</used_space>
         <unused_space>0x0</unused_space>
         <attributes>RWIX</attributes>
         <usage_details>
            <allocated_space>
               <start_address>0xfffe</start_address>
               <size>0x2</size>
               <logical_group_ref idref="lg-2b"/>
            </allocated_space>
         </usage_details>
      </memory_area>
   </placement_map>
   <symbol_table>
      <symbol id="sm-1">
         <name>IE1</name>
         <value>0x0</value>
      </symbol>
      <symbol id="sm-2">
         <name>IFG1</name>
         <value>0x2</value>
      </symbol>
      <symbol id="sm-3">
         <name>DCOCTL</name>
         <value>0x56</value>
      </symbol>
      <symbol id="sm-4">
         <name>BCSCTL1</name>
         <value>0x57</value>
      </symbol>
      <symbol id="sm-5">
         <name>BCSCTL2</name>
         <value>0x58</value>
      </symbol>
      <symbol id="sm-6">
         <name>BCSCTL3</name>
         <value>0x53</value>
      </symbol>
      <symbol id="sm-7">
         <name>CACTL1</name>
         <value>0x59</value>
      </symbol>
      <symbol id="sm-8">
         <name>CACTL2</name>
         <value>0x5a</value>
      </symbol>
      <symbol id="sm-9">
         <name>CAPD</name>
         <value>0x5b</value>
      </symbol>
      <symbol id="sm-a">
         <name>FCTL1</name>
         <value>0x128</value>
      </symbol>
      <symbol id="sm-b">
         <name>FCTL2</name>
         <value>0x12a</value>
      </symbol>
      <symbol id="sm-c">
         <name>FCTL3</name>
         <value>0x12c</value>
      </symbol>
      <symbol id="sm-d">
         <name>P1IN</name>
         <value>0x20</value>
      </symbol>
      <symbol id="sm-e">
         <name>P1OUT</name>
         <value>0x21</value>
      </symbol>
      <symbol id="sm-f">
         <name>P1DIR</name>
         <value>0x22</value>
      </symbol>
      <symbol id="sm-10">
         <name>P1IFG</name>
         <value>0x23</value>
      </symbol>
      <symbol id="sm-11">
         <name>P1IES</name>
         <value>0x24</value>
      </symbol>
      <symbol id="sm-12">
         <name>P1IE</name>
         <value>0x25</value>
      </symbol>
      <symbol id="sm-13">
         <name>P1SEL</name>
         <value>0x26</value>
      </symbol>
      <symbol id="sm-14">
         <name>P1REN</name>
         <value>0x27</value>
      </symbol>
      <symbol id="sm-15">
         <name>P2IN</name>
         <value>0x28</value>
      </symbol>
      <symbol id="sm-16">
         <name>P2OUT</name>
         <value>0x29</value>
      </symbol>
      <symbol id="sm-17">
         <name>P2DIR</name>
         <value>0x2a</value>
      </symbol>
      <symbol id="sm-18">
         <name>P2IFG</name>
         <value>0x2b</value>
      </symbol>
      <symbol id="sm-19">
         <name>P2IES</name>
         <value>0x2c</value>
      </symbol>
      <symbol id="sm-1a">
         <name>P2IE</name>
         <value>0x2d</value>
      </symbol>
      <symbol id="sm-1b">
         <name>P2SEL</name>
         <value>0x2e</value>
      </symbol>
      <symbol id="sm-1c">
         <name>P2REN</name>
         <value>0x2f</value>
      </symbol>
      <symbol id="sm-1d">
         <name>TAIV</name>
         <value>0x12e</value>
      </symbol>
      <symbol id="sm-1e">
         <name>TACTL</name>
         <value>0x160</value>
      </symbol>
      <symbol id="sm-1f">
         <name>TACCTL0</name>
         <value>0x162</value>
      </symbol>
      <symbol id="sm-20">
         <name>TACCTL1</name>
         <value>0x164</value>
      </symbol>
      <symbol id="sm-21">
         <name>TAR</name>
         <value>0x170</value>
      </symbol>
      <symbol id="sm-22">
         <name>TACCR0</name>
         <value>0x172</value>
      </symbol>
      <symbol id="sm-23">
         <name>TACCR1</name>
         <value>0x174</value>
      </symbol>
      <symbol id="sm-24">
         <name>WDTCTL</name>
         <value>0x120</value>
      </symbol>
      <symbol id="sm-25">
         <name>CALDCO_1MHZ</name>
         <value>0x10fe</value>
      </symbol>
      <symbol id="sm-26">
         <name>CALBC1_1MHZ</name>
         <value>0x10ff</value>
      </symbol>
      <symbol id="sm-27">
         <name>__STACK_SIZE</name>
         <value>0x32</value>
      </symbol>
      <symbol id="sm-28">
         <name>__STACK_END</name>
         <value>0x27e</value>
      </symbol>
      <symbol id="sm-29">
         <name>__c_args__</name>
         <value>0xffffffff</value>
      </symbol>
      <symbol id="sm-2a">
         <name>__TI_pprof_out_hndl</name>
         <value>0xffffffff</value>
      </symbol>
      <symbol id="sm-2b">
         <name>__TI_prof_data_start</name>
         <value>0xffffffff</value>
      </symbol>
      <symbol id="sm-2c">
         <name>__TI_prof_data_size</name>
         <value>0xffffffff</value>
      </symbol>
      <symbol id="sm-67">
         <name>main</name>
         <value>0xf800</value>
         <object_component_ref idref="oc-ff"/>
      </symbol>
      <symbol id="sm-88">
         <name>AD9833_Select</name>
         <value>0xf89a</value>
         <object_component_ref idref="oc-158"/>
      </symbol>
      <symbol id="sm-89">
         <name>AD9833_if_init</name>
         <value>0xf860</value>
         <object_component_ref idref="oc-152"/>
      </symbol>
      <symbol id="sm-8a">
         <name>AD9833_writeDevice</name>
         <value>0xf83c</value>
         <object_component_ref idref="oc-15e"/>
      </symbol>
      <symbol id="sm-8b">
         <name>AD9833_Deselect</name>
         <value>0xf894</value>
         <object_component_ref idref="oc-164"/>
      </symbol>
      <symbol id="sm-94">
         <name>_stack</name>
         <value>0x24c</value>
         <object_component_ref idref="oc-a8"/>
      </symbol>
      <symbol id="sm-95">
         <name>_reset_vector</name>
         <value>0xfffe</value>
         <object_component_ref idref="oc-ab"/>
      </symbol>
      <symbol id="sm-9e">
         <name>_c_int00_noinit_noargs_noexit</name>
         <value>0xf87a</value>
         <object_component_ref idref="oc-76"/>
      </symbol>
      <symbol id="sm-ac">
         <name>C$$EXIT</name>
         <value>0xf8a0</value>
         <object_component_ref idref="oc-107"/>
      </symbol>
      <symbol id="sm-ad">
         <name>abort</name>
         <value>0xf8a0</value>
         <object_component_ref idref="oc-107"/>
      </symbol>
      <symbol id="sm-b1">
         <name>__TI_int02</name>
         <value>0xffe4</value>
         <object_component_ref idref="oc-39"/>
      </symbol>
      <symbol id="sm-b4">
         <name>__TI_int03</name>
         <value>0xffe6</value>
         <object_component_ref idref="oc-3a"/>
      </symbol>
      <symbol id="sm-b7">
         <name>__TI_int08</name>
         <value>0xfff0</value>
         <object_component_ref idref="oc-3b"/>
      </symbol>
      <symbol id="sm-ba">
         <name>__TI_int09</name>
         <value>0xfff2</value>
         <object_component_ref idref="oc-3c"/>
      </symbol>
      <symbol id="sm-bd">
         <name>__TI_int10</name>
         <value>0xfff4</value>
         <object_component_ref idref="oc-3d"/>
      </symbol>
      <symbol id="sm-c0">
         <name>__TI_int11</name>
         <value>0xfff6</value>
         <object_component_ref idref="oc-3e"/>
      </symbol>
      <symbol id="sm-c3">
         <name>__TI_int14</name>
         <value>0xfffc</value>
         <object_component_ref idref="oc-3f"/>
      </symbol>
      <symbol id="sm-cb">
         <name>__TI_ISR_TRAP</name>
         <value>0xf88c</value>
         <object_component_ref idref="oc-d3"/>
      </symbol>
      <symbol id="sm-d8">
         <name>_system_pre_init</name>
         <value>0xf8a6</value>
         <object_component_ref idref="oc-df"/>
      </symbol>
   </symbol_table>
   <title>Link successful</title>
</link_info>
